{
  "test": "nu_ij relative Witten index",
  "n_backends": 6,
  "n_total_pairs": 772,
  "n_processor_pairs": 15,
  "pair_level": {
    "best_beta_gl": 0.05,
    "best_r_gl": -0.2195811423776278,
    "baseline_R_gl": -0.007780916004704518,
    "best_beta_err": 0.2,
    "best_r_err": -0.029111476113253414
  },
  "processor_level": {
    "best_beta": 0.01,
    "best_rho": 0.8285714285714284,
    "best_metric": "\u0394T1"
  },
  "spectral_collapse": {
    "mean_cv": 0.01718488856273153,
    "per_level_cv": [
      0.0,
      0.0,
      0.004356456054068217,
      0.0059489729447954765,
      0.006022812058930866,
      0.05414811791015237,
      0.05695808515956912,
      0.0019945997843275123,
      0.0037096103822847975,
      0.004340454207723892
    ]
  },
  "fisher_ratio": 0.011979623899112326,
  "processor_stats": {
    "sherbrooke": {
      "n_pairs": 135,
      "avg_gl": 536.0197530864195,
      "avg_err": 0.01018294892525207,
      "avg_Z_beta1": 11.435069470857034
    },
    "brisbane": {
      "n_pairs": 143,
      "avg_gl": 661.3986013986014,
      "avg_err": 0.012760859116656286,
      "avg_Z_beta1": 17.161262826935282
    },
    "osaka": {
      "n_pairs": 124,
      "avg_gl": 658.8387096774194,
      "avg_err": 0.010421945447412522,
      "avg_Z_beta1": 18.079029832780865
    },
    "kawasaki": {
      "n_pairs": 133,
      "avg_gl": 585.6507936507935,
      "avg_err": 0.010531281847839167,
      "avg_Z_beta1": 11789.100442513285
    },
    "kyiv": {
      "n_pairs": 106,
      "avg_gl": 568.8218029350104,
      "avg_err": 0.013773533767665793,
      "avg_Z_beta1": 8.480424906710352
    },
    "quebec": {
      "n_pairs": 131,
      "avg_gl": 594.9720101781171,
      "avg_err": 0.0119553253600429,
      "avg_Z_beta1": 19.208873337323155
    }
  }
}