{
  "kawasaki_critical_heff": 0.42050587031999676,
  "kawasaki_critical_ej_ec": 255.85961086935797,
  "collapse_cv": 0.014108911337698617,
  "benchmark": {
    "R_ij alone": {
      "mean": -0.0078003932093238856,
      "std": 0.005549252679395066
    },
    "sum_f alone": {
      "mean": 0.07962144304768178,
      "std": 0.035201561033522
    },
    "Z(\u03b2=0.05) alone": {
      "mean": 0.0919955612240759,
      "std": 0.023305724992238146
    },
    "gap\u2080\u2081 alone": {
      "mean": 0.06444650991553871,
      "std": 0.031824996843158176
    },
    "Raw (10 features)": {
      "mean": 0.0968685264285745,
      "std": 0.04310066499557178
    },
    "Witten (8 features)": {
      "mean": 0.13364966406443093,
      "std": 0.04550486175992863
    },
    "Raw + Witten (18)": {
      "mean": 0.14580915579590342,
      "std": 0.049813499317878436
    },
    "PCA-3 (raw)": {
      "mean": 0.07888150023758697,
      "std": 0.03892988699458984
    },
    "PCA-5 (raw)": {
      "mean": 0.08633446492019954,
      "std": 0.046374690851875004
    },
    "KernelPCA(\u03b3=0.1)": {
      "mean": 0.15061517189197368,
      "std": 0.061817787335560995
    },
    "KernelPCA(\u03b3=0.5)": {
      "mean": 0.07683617906595774,
      "std": 0.07092037563081546
    },
    "Koopman (poly\u00b2+PCA)": {
      "mean": 0.11442201884238887,
      "std": 0.016387851166822575
    },
    "PCA-3 (Witten)": {
      "mean": 0.1303254149981136,
      "std": 0.042589123184268
    }
  },
  "residual_r": 0.20465154194143156,
  "residual_p": 0.0006244356250470758,
  "nu_ij_best": {
    "beta": 0.1,
    "metric": "\u0394T1",
    "rho": -0.7571428571428571
  }
}