{
  "bayesian": {
    "correlation": 0.9995722219757849,
    "rmse": 0.06608927296544331,
    "median_relative_error": 0.007234768561431393,
    "n_qubits": 80
  },
  "comparison_summary": {
    "methods": [
      "standard",
      "factored",
      "feec"
    ],
    "n_configs": 18
  }
}