{
  "fix1_dense_vs_sparse": [
    {
      "N": 32,
      "dense_eigs": [
        0.0014468228386145276,
        0.0014468309172811994,
        0.4393262719477291,
        0.43932634562036926,
        0.5554981788878086,
        0.5555000814354308
      ],
      "sparse_eigs": [
        0.0014468228386157983,
        0.0014468309172830335,
        0.4393262719477351,
        0.4393263456203725,
        0.55549817888781,
        0.5555000814354332
      ],
      "si_eigs": [
        6.880621365207018,
        7.199653921866902,
        8.365929477807155,
        8.609693433677693,
        8.867940060627854,
        9.961029624164913
      ],
      "gap_dense": 8.078666671827023e-09,
      "gap_sparse": 8.078667235178472e-09,
      "gap_si": 0.3190325566598835
    },
    {
      "N": 64,
      "dense_eigs": [
        7.989626163955352e-08,
        1.4742707652301153e-07,
        0.4051590498835241,
        0.407646365160935,
        0.5455820776138487,
        0.5456075470875614
      ],
      "sparse_eigs": [
        7.989626062097591e-08,
        1.47427074976058e-07,
        0.40515904988352697,
        0.40764636516093694,
        0.5455820776138479,
        0.5456075470875664
      ],
      "si_eigs": [
        13.909418197634775,
        14.841015690507268,
        15.832745847974051,
        16.886193123507,
        18.003159968007562,
        19.185625041606833
      ],
      "gap_dense": 6.753081488345801e-08,
      "gap_sparse": 6.753081435508209e-08,
      "gap_si": 0.931597492872493
    },
    {
      "N": 128,
      "dense_eigs": [
        -2.610709499898177e-16,
        0.5840430728410868,
        0.584043072841091,
        1.1361396318159882,
        1.1361396318159966,
        1.2744711384800458
      ],
      "sparse_eigs": [
        -2.0326820857241153e-15,
        0.5840430728410885,
        0.5840430728410898,
        1.1361396318159847,
        1.1361396318159935,
        1.2744711384800516
      ],
      "si_eigs": [
        37.745123169365804,
        38.909399103273344,
        40.10308488550058,
        41.32671442117418,
        42.58082920515773,
        43.865978385772316
      ],
      "gap_dense": 0.584043072841087,
      "gap_sparse": 0.5840430728410905,
      "gap_si": 1.1642759339075397
    },
    {
      "N": 256,
      "dense_eigs": [
        -1.8296940850145326e-14,
        0.5922711978659533,
        0.5922711978659887,
        1.169106303629774,
        1.1691063036297813,
        1.730482493328615
      ],
      "sparse_eigs": [
        3.40005801291149e-16,
        0.5922711978659394,
        0.5922711978659444,
        1.1691063036297644,
        1.1691063036297775,
        1.7304824933286163
      ],
      "si_eigs": [
        110.54433096763647,
        111.92478997114705,
        113.32068621780542,
        114.7321488499493,
        116.15930789775764,
        117.60229428300528
      ],
      "gap_dense": 0.5922711978659716,
      "gap_sparse": 0.5922711978659391,
      "gap_si": 1.3804590035105804
    }
  ],
  "fix3_nonlinear_bayesian": {
    "correlation": NaN,
    "rmse": 9.838031823817865,
    "median_error": 2.190863836141627,
    "n_qubits": 23,
    "model": "nonlinear Witten spectrum, grid search + refinement"
  }
}